"hour","N2O_flux","norm_flux","dataset"
0.319,346.32,0.85000721119177,"N2O_071"
2.978,377.52,1,"N2O_071"
6.007,344.78,0.842603720974953,"N2O_071"
9.014,356.95,0.901110523532523,"N2O_071"
11.942,275.48,0.509446661218211,"N2O_071"
15.151,251.31,0.39325032450363,"N2O_071"
18.079,206.03,0.175568482284506,"N2O_071"
20.995,169.51,0,"N2O_071"
23.953,173.48,0.0190856208836114,"N2O_071"
