"hour","N2O_flux","norm_flux","dataset"
3.116,158.237,0,"N2O_234"
6.992,158.486,0.004440561,"N2O_234"
10.969,190.237,0.570674466,"N2O_234"
15.152,214.311,1,"N2O_234"
18.991,176.21,0.32052288,"N2O_234"
23.037,184.835,0.474337483,"N2O_234"
