"hour","N2O_flux","norm_flux","dataset"
0.0307,12.4694,0.0701482486000794,"N2O_184"
3.0055,13.9875,0.210195666011679,"N2O_184"
6.0025,11.709,0,"N2O_184"
9.0306,19.0064,0.673198092233323,"N2O_184"
12.0044,19.0481,0.677044991189956,"N2O_184"
15.0053,22.5489,1,"N2O_184"
17.9993,15.5878,0.357826179208295,"N2O_184"
20.9724,14.5327,0.260491332945876,"N2O_184"
