"hour","N2O_flux","norm_flux","dataset"
0.966,1733.12,0.548781841047518,"N2O_045"
4.055,1919.95,0.663958276822923,"N2O_045"
6.722,2083.88,0.765017384657115,"N2O_045"
10.12,1975.78,0.698376199048159,"N2O_045"
12.756,2465.05,1,"N2O_045"
15.762,2031.41,0.732670825832861,"N2O_045"
19.177,1741.73,0.554089709762533,"N2O_045"
21.645,1020.32,0.109356890982172,"N2O_045"
22.509,842.93,0,"N2O_045"
