"hour","N2O_flux","norm_flux","dataset"
0.0288,11.845,0.806147228196767,"N2O_219"
2.3849,10.808,0.734198293207521,"N2O_219"
4.7391,9.442,0.639422743356692,"N2O_219"
7.1409,4.85,0.320821480607785,"N2O_219"
9.5715,1.608,0.0958856587802678,"N2O_219"
11.9652,0.99,0.053007701380698,"N2O_219"
14.3872,2.972,0.190522445014917,"N2O_219"
16.7901,0.226,0,"N2O_219"
19.1897,12.302,0.83785471449386,"N2O_219"
21.5788,14.639,1,"N2O_219"
23.9021,14.271,0.97446749462291,"N2O_219"
