"hour","N2O_flux","norm_flux","dataset"
0.933,141.7181818,0.38075760255197,"N2O_145"
5.101,183.1263636,0.670060465646829,"N2O_145"
13.355,230.3509091,1,"N2O_145"
17.523,113.4254545,0.183087319606775,"N2O_145"
21.609,87.22,0,"N2O_145"
