"hour","N2O_flux","norm_flux","dataset"
0.0337,5.147,0.971244131455399,"N2O_213"
2.3698,5.294,1,"N2O_213"
4.7524,1.758,0.30829420970266,"N2O_213"
7.147,0.663,0.0940923317683881,"N2O_213"
9.5763,0.182,0,"N2O_213"
11.934,0.489,0.0600547730829421,"N2O_213"
14.3586,0.267,0.0166275430359937,"N2O_213"
16.7832,0.234,0.0101721439749609,"N2O_213"
19.1699,4.271,0.799882629107981,"N2O_213"
21.5692,2.883,0.528364632237872,"N2O_213"
23.9265,4.206,0.78716744913928,"N2O_213"
