"hour","N2O_flux","norm_flux","dataset"
1.498,-3.656,0.271675998,"N2O_188"
4.494,-6.728,0.191303438,"N2O_188"
7.5086,-14.04,0,"N2O_188"
10.502,-9.801,0.110904715,"N2O_188"
13.5055,7.152,0.554445084,"N2O_188"
16.4989,24.182,1,"N2O_188"
19.4975,10.696,0.647166553,"N2O_188"
22.516,-7.027,0.183480718,"N2O_188"
