"hour","N2O_flux","norm_flux","dataset"
0.0742,1.164,0.615909091,"N2O_250"
1.8804,0.961,0.385227273,"N2O_250"
4.8247,1.502,1,"N2O_250"
7.7196,1.096,0.538636364,"N2O_250"
10.7629,1.163,0.614772727,"N2O_250"
13.0144,0.622,0,"N2O_250"
14.9691,1.162,0.613636364,"N2O_250"
18.1113,1.164,0.615909091,"N2O_250"
20.1155,1.367,0.846590909,"N2O_250"
