"hour","N2O_flux","norm_flux","dataset"
0.058,59.13,0.0848981941146845,"N2O_088"
2.963,44.27,0.0314411108712857,"N2O_088"
5.932,35.53,0,"N2O_088"
9.09,45.15,0.0346068062450536,"N2O_088"
11.805,62.63,0.097489027987625,"N2O_088"
14.774,104.59,0.248435139218649,"N2O_088"
17.742,171.02,0.487409166127059,"N2O_088"
20.837,229.59,0.698107777537952,"N2O_088"
23.427,313.51,1,"N2O_088"
