"hour","N2O_flux","norm_flux","dataset"
0.668,273.43,0.140153497296354,"N2O_263"
2.917,262.11,0.0414268271411129,"N2O_263"
5.368,262.71,0.0466596895168321,"N2O_263"
7.718,257.36,0,"N2O_263"
10.265,293.63,0.316326530612245,"N2O_263"
12.608,329.85,0.632216989359847,"N2O_263"
14.949,372.02,1,"N2O_263"
17.506,354.83,0.850078492935636,"N2O_263"
20.059,355.46,0.855572998430141,"N2O_263"
22.201,367.87,0.963806035234607,"N2O_263"
