"hour","N2O_flux","norm_flux","dataset"
0.412,190.865,1,"N2O_097"
4.931,180.503,0.732400185940808,"N2O_097"
9.699,181.157,0.749289809410671,"N2O_097"
15.016,152.143,0,"N2O_097"
20.342,185.697,0.866535819430814,"N2O_097"
23.321,177.227,0.647797117917463,"N2O_097"
