"hour","N2O_flux","norm_flux","dataset"
1.957,38.604,0.615673597763411,"N2O_031"
5.916,41.538,0.743840643019395,"N2O_031"
9.948,47.402,1,"N2O_031"
13.785,31.285,0.295954918748908,"N2O_031"
17.923,30.205,0.248776865280447,"N2O_031"
21.82,24.51,0,"N2O_031"
