"hour","N2O_flux","norm_flux","dataset"
0.0512,21.897,0.893909245328804,"N2O_221"
2.3307,18.522,0.730114049987867,"N2O_221"
4.7358,19.447,0.775006066488716,"N2O_221"
7.1397,8.357,0.236787187575831,"N2O_221"
9.5966,3.478,0,"N2O_221"
11.9381,4.823,0.0652754185877214,"N2O_221"
14.4118,6.759,0.159233195826256,"N2O_221"
16.7848,15.982,0.606842999272021,"N2O_221"
19.1858,23.896,0.990924532880369,"N2O_221"
21.5756,24.083,1,"N2O_221"
23.9269,17.31,0.671293375394322,"N2O_221"
