"hour","N2O_flux","norm_flux","dataset"
0.0852,0.808,0,"N2O_247"
3.889,2.115,0.194522994,"N2O_247"
5.9609,3.654,0.423574937,"N2O_247"
8.9511,4.217,0.507367168,"N2O_247"
11.9218,7.527,1,"N2O_247"
15.9479,4.963,0.618395595,"N2O_247"
17.9414,6.071,0.783301086,"N2O_247"
20.1348,1.575,0.114153892,"N2O_247"
