"hour","N2O_flux","norm_flux","dataset"
0.381,1945.84,0.379306568343813,"N2O_044"
3.279,2448.36,0.837931569484626,"N2O_044"
6.737,2625.94,1,"N2O_044"
9.878,2210.33,0.620693431656186,"N2O_044"
12.88,1862.72,0.303447079975541,"N2O_044"
16.323,1741.81,0.193098538846958,"N2O_044"
19.043,1530.23,0,"N2O_044"
22.495,1579.35,0.0448293800366884,"N2O_044"
23.792,1666.25,0.124138686331237,"N2O_044"
