"hour","N2O_flux","norm_flux","dataset"
1.548,60.727,0.812946783161239,"N2O_019"
5.505,49.922,0.276558776806989,"N2O_019"
9.462,56.655,0.610802223987291,"N2O_019"
13.954,64.495,1,"N2O_019"
17.59,57.084,0.632098888006354,"N2O_019"
21.654,44.351,0,"N2O_019"
