"hour","N2O_flux","norm_flux","dataset"
0.284,251.28,0,"N2O_069"
2.882,251.82,0.0021269891287222,"N2O_069"
5.951,280.76,0.116117850953206,"N2O_069"
9.041,308.74,0.226327398771073,"N2O_069"
11.695,252.11,0.00326926106822126,"N2O_069"
14.892,264.73,0.0529777847802112,"N2O_069"
17.775,270.54,0.0758626122577596,"N2O_069"
20.691,374.74,0.486292736726012,"N2O_069"
23.596,505.16,1,"N2O_069"
