"hour","N2O_flux","norm_flux","dataset"
1.085,23.507,0.0019783698232657,"N2O_178"
3.118,23.462,0,"N2O_178"
5.578,25.113,0.0725841906269234,"N2O_178"
7.609,28.908,0.239426712388992,"N2O_178"
9.638,34.837,0.500087927547701,"N2O_178"
11.667,42.046,0.817022773234855,"N2O_178"
13.592,44.136,0.908907060582081,"N2O_178"
16.373,46.208,1,"N2O_178"
18.303,39.764,0.716697441308362,"N2O_178"
21.093,28.606,0.226149652686187,"N2O_178"
23.022,24.723,0.0554383188252879,"N2O_178"
