"hour","N2O_flux","norm_flux","dataset"
2.288,72.621,0.591973178956396,"N2O_025"
6.288,93.554,1,"N2O_025"
10.368,91.66,0.963082080969924,"N2O_025"
13.989,66.807,0.478646472915814,"N2O_025"
17.817,48.159,0.115158957565834,"N2O_025"
21.932,42.251,0,"N2O_025"
