"hour","N2O_flux","norm_flux","dataset"
0.0216,14.287,1,"N2O_220"
2.3648,12.346,0.860959885386819,"N2O_220"
4.8134,10.414,0.72256446991404,"N2O_220"
7.2281,11.288,0.785171919770774,"N2O_220"
9.6334,0.327,0,"N2O_220"
12.0142,2.603,0.163037249283668,"N2O_220"
14.399,4.346,0.287893982808023,"N2O_220"
16.7853,9.17,0.633452722063037,"N2O_220"
19.177,10.721,0.744555873925501,"N2O_220"
21.5827,10.436,0.724140401146132,"N2O_220"
23.9232,9.035,0.62378223495702,"N2O_220"
