"hour","N2O_flux","norm_flux","dataset"
0.0464,4.502,0.653621662998756,"N2O_249"
3.9551,7.371,0.928140847765764,"N2O_249"
7.0227,8.122,1,"N2O_249"
10.0408,3.341,0.542531815137307,"N2O_249"
12.0199,-2.329,0,"N2O_249"
15.9286,3.341,0.542531815137307,"N2O_249"
17.9572,-0.553,0.169935891302268,"N2O_249"
20.9011,1.155,0.333365228207827,"N2O_249"
