"hour","N2O_flux","norm_flux","dataset"
1.4925,-9.934,0.13491303,"N2O_197"
4.5145,-12.223,0.068443825,"N2O_197"
7.4716,-14.58,0,"N2O_197"
10.5026,-5.96,0.250312164,"N2O_197"
13.521,12.245,0.778958678,"N2O_197"
16.5197,19.857,1,"N2O_197"
19.4992,12.354,0.782123878,"N2O_197"
22.5233,-1.083,0.391933095,"N2O_197"
