"hour","N2O_flux","norm_flux","dataset"
0.0826,5.187,0.0354327221188768,"N2O_246"
1.7269,4.497,0.0150589069005226,"N2O_246"
4.6121,3.987,0,"N2O_246"
6.8769,8.533,0.134230962293678,"N2O_246"
9.2657,12.599,0.254288835739806,"N2O_246"
11.2573,37.854,1,"N2O_246"
12.1759,36.045,0.946585171405793,"N2O_246"
14.6775,8.913,0.145451324297989,"N2O_246"
17.101,7.99,0.118197655534886,"N2O_246"
19.2117,9.593,0.165529866832019,"N2O_246"
21.0098,11.525,0.222576549443411,"N2O_246"
