"hour","N2O_flux","norm_flux","dataset"
0.138,31.466,0.947648479390938,"N2O_004"
3.985,32.745,1,"N2O_004"
8.031,31.2,0.936760672915558,"N2O_004"
12.027,8.314,0,"N2O_004"
15.968,28.623,0.831279931234907,"N2O_004"
19.943,28.644,0.832139494904015,"N2O_004"
23.813,32.315,0.982399410584913,"N2O_004"
