"hour","N2O_flux","norm_flux","dataset"
0.849,121.22,0.450349122717275,"N2O_034"
3.79,131.947,0.518939587702696,"N2O_034"
6.985,142.645,0.587344621208246,"N2O_034"
9.699,180.49,0.829332702440023,"N2O_034"
13.07,188.675,0.881669139086398,"N2O_034"
15.862,207.181,1,"N2O_034"
18.854,180.701,0.830681876310809,"N2O_034"
21.864,50.789,0,"N2O_034"
