"hour","N2O_flux","norm_flux","dataset"
0.025,12.448,0.909626877725731,"N2O_210"
2.4273,8.839,0.618155386851882,"N2O_210"
4.8466,12.337,0.900662251655629,"N2O_210"
7.2172,7.289,0.492973671458569,"N2O_210"
9.6235,1.185,0,"N2O_210"
12.0431,3.472,0.184703602002907,"N2O_210"
14.4535,5.017,0.309481505411081,"N2O_210"
16.8949,10.882,0.783152963979971,"N2O_210"
19.2172,13.014,0.955338394443547,"N2O_210"
21.647,13.567,1,"N2O_210"
24.004,12.344,0.901227588434825,"N2O_210"
