"hour","N2O_flux","norm_flux","dataset"
1.964,49.79,0.0646876932591218,"N2O_030"
5.84,64.914,1,"N2O_030"
10.048,63.902,0.937414965986395,"N2O_030"
14.254,59.641,0.673902288188002,"N2O_030"
18.115,49.97,0.0758194186765615,"N2O_030"
21.925,48.744,0,"N2O_030"
