"hour","N2O_flux","norm_flux","dataset"
0.143,29.054,0.15004370204914,"N2O_008"
4.013,25.964,0,"N2O_008"
8.065,29.467,0.170098086821404,"N2O_008"
12.023,35.743,0.474847042828008,"N2O_008"
16.09,46.558,1,"N2O_008"
20.017,30.754,0.232592017092357,"N2O_008"
23.824,25.985,0.00101971447994565,"N2O_008"
