"hour","N2O_flux","norm_flux","dataset"
1.498,-7.977,0.216341350488583,"N2O_189"
4.5004,-16.728,0.0030947681360723,"N2O_189"
7.4958,-16.855,0,"N2O_189"
10.502,-0.481,0.39900577527597,"N2O_189"
13.5055,15.987,0.800302166337695,"N2O_189"
16.4989,24.182,1,"N2O_189"
19.5024,2.929,0.482101518142164,"N2O_189"
22.5096,-0.911,0.388527426468796,"N2O_189"
