"hour","N2O_flux","norm_flux","dataset"
0.4,289.18,0.819441290029526,"N2O_068"
2.895,313.03,1,"N2O_068"
5.747,261.36,0.608827314709668,"N2O_068"
8.842,180.94,0,"N2O_068"
12.126,215.91,0.264743735331971,"N2O_068"
15.158,194.06,0.0993262169732758,"N2O_068"
17.937,231.64,0.383829207358619,"N2O_068"
20.968,215.91,0.264743735331971,"N2O_068"
23.811,252.62,0.54266030736619,"N2O_068"
