"hour","N2O_flux","norm_flux","dataset"
0.355,503.22,0.349248076700043,"N2O_070"
2.703,547.45,0.434743108980555,"N2O_070"
5.925,398.34,0.146518730428732,"N2O_070"
8.717,322.54,0,"N2O_070"
11.596,486.81,0.317528124637569,"N2O_070"
14.591,723.62,0.775273514516566,"N2O_070"
17.433,839.88,1,"N2O_070"
20.528,658.94,0.650249352456798,"N2O_070"
23.559,343.38,0.0402829860439942,"N2O_070"
