"hour","N2O_flux","norm_flux","dataset"
0.157,1419.79,1,"N2O_062"
2.58,1051.54,0.642096976411931,"N2O_062"
5.688,844.79,0.441156174981291,"N2O_062"
8.696,711.58,0.311689069014783,"N2O_062"
11.704,679.66,0.280665947458961,"N2O_062"
14.912,653.3,0.255046602715495,"N2O_062"
17.92,567.27,0.171433847469652,"N2O_062"
20.916,390.88,0,"N2O_062"
23.634,558.94,0.163337901274164,"N2O_062"
