"hour","N2O_flux","norm_flux","dataset"
0.536,46.97,0,"N2O_093"
3.125,54.48,0.15285976,"N2O_093"
5.961,64.56,0.358029717,"N2O_093"
8.746,50.71,0.076124567,"N2O_093"
11.949,72.04,0.510278852,"N2O_093"
14.904,92.35,0.923671891,"N2O_093"
18.099,96.1,1,"N2O_093"
20.668,84.04,0.754528801,"N2O_093"
23.46,67.07,0.409118665,"N2O_093"
