"hour","N2O_flux","norm_flux","dataset"
0.0745,10.149,0.794286757324085,"N2O_209"
2.3623,9.331,0.719631285935931,"N2O_209"
4.7839,5.875,0.404216482613854,"N2O_209"
7.1533,4.304,0.260837820571324,"N2O_209"
9.5747,1.446,0,"N2O_209"
11.9949,2.313,0.0791274984028475,"N2O_209"
14.3895,2.583,0.103769279912385,"N2O_209"
16.7831,5.521,0.371908369079127,"N2O_209"
19.2018,10.667,0.84156247147942,"N2O_209"
21.6479,11.074,0.878707675458611,"N2O_209"
23.9391,12.403,1,"N2O_209"
