"hour","N2O_flux","norm_flux","dataset"
0.024,245.59,0.0966104512153022,"N2O_047"
1.318,173.8,0.00482029382056234,"N2O_047"
4.357,207.81,0.0483052256076511,"N2O_047"
7.321,952.14,1,"N2O_047"
10.426,170.03,0,"N2O_047"
13.466,211.59,0.0531383053534669,"N2O_047"
16.51,294.71,0.159414916060401,"N2O_047"
19.831,249.37,0.101443530961118,"N2O_047"
23.303,272.04,0.130429223510759,"N2O_047"
