"hour","N2O_flux","norm_flux","dataset"
0.355,1.01,0,"N2O_084"
2.955,1.12,0.000215969999803664,"N2O_084"
5.862,1.48,0.000922780908252017,"N2O_084"
8.591,121.49,0.236546050694049,"N2O_084"
11.722,306.74,0.600259163999764,"N2O_084"
14.465,510.34,1,"N2O_084"
17.496,474.5,0.929633047336697,"N2O_084"
20.907,339.01,0.663616908487621,"N2O_084"
23.623,277.1,0.54206506587085,"N2O_084"
