"hour","N2O_flux","norm_flux","dataset"
0.0995,12.173,1,"N2O_207"
2.4136,9.883,0.794581987800502,"N2O_207"
4.7837,6.289,0.472192321492644,"N2O_207"
7.1536,3.66,0.236365267312522,"N2O_207"
9.5749,1.031,0.000538213132400431,"N2O_207"
11.9953,1.025,0,"N2O_207"
14.3895,2.583,0.139756010046645,"N2O_207"
16.7845,1.518,0.0442231790455687,"N2O_207"
19.2018,10.851,0.881413706494439,"N2O_207"
21.6481,10.292,0.831270182992465,"N2O_207"
23.9398,10.378,0.838984571223538,"N2O_207"
