"hour","N2O_flux","norm_flux","dataset"
0.6318,1.26,0.058105469,"N2O_147"
2.6202,3.41,0.163085938,"N2O_147"
4.6578,0.07,0,"N2O_147"
6.6634,4.03,0.193359375,"N2O_147"
7.792,7.46,0.360839844,"N2O_147"
9.8261,20.55,1,"N2O_147"
11.8103,6.67,0.322265625,"N2O_147"
13.8193,1.78,0.083496094,"N2O_147"
15.8904,3.11,0.1484375,"N2O_147"
17.8995,0.98,0.044433594,"N2O_147"
19.9459,5.78,0.278808594,"N2O_147"
21.9797,1.58,0.073730469,"N2O_147"
23.902,0.84,0.037597656,"N2O_147"
