"hour","N2O_flux","norm_flux","dataset"
0.0201,0.0220601,0.222794148733776,"N2O_258"
3.0502,0.0199522,0,"N2O_258"
6.0475,0.0220283,0.219433052889697,"N2O_258"
9.044,0.0232169,0.345061937174988,"N2O_258"
12.0451,0.0294134,1,"N2O_258"
15.0007,0.0257211,0.609742950154315,"N2O_258"
17.9936,0.0230428,0.326660465902845,"N2O_258"
21.0248,0.0221393,0.231165179892614,"N2O_258"
23.9839,0.0223773,0.256320551304274,"N2O_258"
