"hour","N2O_flux","norm_flux","dataset"
1.573,41.229,0.0596952327694673,"N2O_020"
5.647,39.948,0,"N2O_020"
9.722,61.407,1,"N2O_020"
13.626,47.151,0.335663358031595,"N2O_020"
18.04,48.351,0.391583950789878,"N2O_020"
21.775,42.111,0.100796868446805,"N2O_020"
