"hour","N2O_flux","norm_flux","dataset"
0.499,29.07,0,"N2O_109"
4.331,43.548,0.152031922713431,"N2O_109"
9.104,62.312,0.349070671007036,"N2O_109"
13.888,124.3,1,"N2O_109"
18.994,63.848,0.36520004200357,"N2O_109"
23.094,35.679,0.0694003990339179,"N2O_109"
