"hour","N2O_flux","norm_flux","dataset"
0.994,151.948,0.0555834874575784,"N2O_036"
4.136,145.757,0,"N2O_036"
7.251,153.289,0.0676231347973639,"N2O_036"
10.04,182.268,0.327799824029017,"N2O_036"
13.226,257.139,1,"N2O_036"
16.301,191.779,0.413190641216714,"N2O_036"
19.297,256.274,0.992233933669713,"N2O_036"
22.322,239.477,0.841428597080318,"N2O_036"
