"hour","N2O_flux","norm_flux","dataset"
1.207,709.76,1,"N2O_042"
4.333,584.19,0.769668176898949,"N2O_042"
7.381,627.65,0.849386429920942,"N2O_042"
10.577,166.38,0.00328337949630389,"N2O_042"
13.532,164.59,0,"N2O_042"
16.582,250.91,0.158335931911147,"N2O_042"
19.369,422.89,0.473797164187318,"N2O_042"
22.413,418.73,0.466166516866299,"N2O_042"
