"hour","N2O_flux","norm_flux","dataset"
0.237,299.3,0.876451954,"N2O_267"
2.496,280.58,0.752903907,"N2O_267"
4.919,261.28,0.625527983,"N2O_267"
7.25,237.87,0.471026927,"N2O_267"
9.761,305.74,0.918954593,"N2O_267"
12.092,281.17,0.756797782,"N2O_267"
14.483,296.96,0.861008448,"N2O_267"
16.832,318.02,1,"N2O_267"
19.339,240.8,0.490364308,"N2O_267"
21.692,174.69,0.05405227,"N2O_267"
23.87,166.5,0,"N2O_267"
