"hour","N2O_flux","norm_flux","dataset"
0.131,340.6,0.109502865520459,"N2O_073"
3.099,299.52,0,"N2O_073"
6.068,364.2,0.172411035585766,"N2O_073"
8.91,328.37,0.0769025723044116,"N2O_073"
11.585,372.9,0.195601759296281,"N2O_073"
15.086,305.17,0.0150606424097029,"N2O_073"
18.11,334.91,0.094335599093696,"N2O_073"
20.935,333.8,0.0913767826202853,"N2O_073"
23.641,674.67,1,"N2O_073"
