"hour","N2O_flux","norm_flux","dataset"
1.948,40.004,0,"N2O_016"
5.99,41.423,0.0825672058652394,"N2O_016"
10.167,57.19,1,"N2O_016"
13.805,53.978,0.813103689049226,"N2O_016"
18.117,49.151,0.532235540556267,"N2O_016"
21.889,42.469,0.143430699406494,"N2O_016"
