"hour","N2O_flux","norm_flux","dataset"
0.141,364.34,1,"N2O_059"
3.236,331.02,0.879932254693525,"N2O_059"
6.787,266.81,0.6485532052899,"N2O_059"
10.338,240.06,0.552160282512342,"N2O_059"
13.797,170.35,0.300962127490901,"N2O_059"
17.075,95.16,0.0300169363266189,"N2O_059"
20.808,92.62,0.0208641130049368,"N2O_059"
23.903,86.83,0,"N2O_059"
