"hour","N2O_flux","norm_flux","dataset"
0.411,314.03,0.700619692448933,"N2O_089"
2.818,353.58,0.882166628414046,"N2O_089"
6.026,331.38,0.780261647922883,"N2O_089"
8.933,379.25,1,"N2O_089"
11.941,204.41,0.197429423915538,"N2O_089"
14.999,191.23,0.136929079641955,"N2O_089"
17.956,161.4,0,"N2O_089"
21.114,216.21,0.251595134266697,"N2O_089"
23.872,207.88,0.213357815010328,"N2O_089"
