"hour","N2O_flux","norm_flux","dataset"
1.262,122.362,1,"N2O_033"
3.778,85.287,0.518918848778969,"N2O_033"
6.83,45.296,0,"N2O_033"
9.95,63.545,0.236797031116186,"N2O_033"
12.861,67.133,0.283354527288298,"N2O_033"
15.756,93.125,0.620623880829419,"N2O_033"
19.125,81.614,0.47125840188929,"N2O_033"
22.026,98.918,0.695793216204292,"N2O_033"
