"hour","N2O_flux","norm_flux","dataset"
1.443,247.95,0.004297738,"N2O_050"
4.416,291.02,0.26138602,"N2O_050"
7.605,286.34,0.233450725,"N2O_050"
10.632,247.23,0,"N2O_050"
14.237,306.9,0.356175013,"N2O_050"
16.501,414.76,1,"N2O_050"
19.557,280.93,0.201158002,"N2O_050"
22.608,372.31,0.746612547,"N2O_050"
