"hour","N2O_flux","norm_flux","dataset"
0.677,138.296,1,"N2O_106"
3.367,125.303,0.732951042052041,"N2O_106"
8.439,120.816,0.640728408763925,"N2O_106"
13.143,105.336,0.322563406914128,"N2O_106"
18.463,95.005,0.110227319439306,"N2O_106"
23.206,89.642,0,"N2O_106"
