"hour","N2O_flux","norm_flux","dataset"
0.284,528.26,0.19455580807436,"N2O_041"
0.994,573.43,0.309900155767217,"N2O_041"
4.828,452.07,0,"N2O_041"
6.959,489.47,0.0955031791833713,"N2O_041"
10.225,843.68,1,"N2O_041"
16.331,835.17,0.978269196394372,"N2O_041"
19.456,668.64,0.553024692934297,"N2O_041"
22.722,709.63,0.657695155894895,"N2O_041"
