"hour","N2O_flux","norm_flux","dataset"
1.4926,-10.442,0.174209972339853,"N2O_199"
4.5142,-10.268,0.178469145472793,"N2O_199"
7.4938,-17.559,0,"N2O_199"
10.5024,-5.019,0.306954201649818,"N2O_199"
13.5191,23.294,1,"N2O_199"
16.5206,14.606,0.787335079431131,"N2O_199"
19.5212,10.855,0.695518077007809,"N2O_199"
22.5243,-6.652,0.26698161701711,"N2O_199"
