"hour","N2O_flux","norm_flux","dataset"
0.063,252.74,0.892183908,"N2O_079"
2.577,262.12,1,"N2O_079"
5.442,246.7,0.822758621,"N2O_079"
8.625,248.91,0.84816092,"N2O_079"
11.728,248.85,0.847471264,"N2O_079"
14.513,179.52,0.050574713,"N2O_079"
17.617,208.16,0.379770115,"N2O_079"
20.561,175.12,0,"N2O_079"
23.585,186.13,0.126551724,"N2O_079"
