"hour","N2O_flux","norm_flux","dataset"
1.491,18.133,0,"N2O_011"
5.716,22.099,0.340020576131687,"N2O_011"
9.94,18.198,0.0055727023319617,"N2O_011"
13.892,29.797,1,"N2O_011"
17.844,22.191,0.347908093278464,"N2O_011"
21.796,22.337,0.36042524005487,"N2O_011"
