"hour","N2O_flux","norm_flux","dataset"
1.5089,26.3794,0,"N2O_157"
5.5187,27.0464,0.0505069626914833,"N2O_157"
9.5049,34.1163,0.585858050446385,"N2O_157"
13.4911,39.5855,1,"N2O_157"
17.5009,32.7157,0.479801001052544,"N2O_157"
21.5107,27.4466,0.0808111403063735,"N2O_157"
