"hour","N2O_flux","norm_flux","dataset"
0,1.073,0.012087912,"N2O_244"
1.6238,5.568,1,"N2O_244"
4.7064,3.485,0.542197802,"N2O_244"
7.6309,2.115,0.241098901,"N2O_244"
11.8003,2.06,0.229010989,"N2O_244"
12.7883,2,0.215824176,"N2O_244"
14.9817,2.389,0.301318681,"N2O_244"
16.9577,2.005,0.216923077,"N2O_244"
20.1642,1.018,0,"N2O_244"
