"hour","N2O_flux","norm_flux","dataset"
0.438,317.45,0.408205650691641,"N2O_040"
1.707,276.09,0.246130334260747,"N2O_040"
4.539,446.56,0.914142403699204,"N2O_040"
7.212,246.73,0.131078804028371,"N2O_040"
10.739,213.28,0,"N2O_040"
13.706,247.75,0.135075825855245,"N2O_040"
16.249,285.93,0.284689838943532,"N2O_040"
19.778,290.27,0.301696774951996,"N2O_040"
22.323,358.68,0.569771542772052,"N2O_040"
23.74,468.47,1,"N2O_040"
