"hour","N2O_flux","norm_flux","dataset"
1.4466,8.0575,0.547791873007258,"N2O_112"
4.4038,7.3146,0.043823349840581,"N2O_112"
7.5601,7.4296,0.121837053117156,"N2O_112"
10.3406,8.113,0.585441964588562,"N2O_112"
13.4378,8.7241,1,"N2O_112"
16.394,8.0536,0.54514619089614,"N2O_112"
19.3999,7.6104,0.244488162268503,"N2O_112"
22.4046,7.25,0,"N2O_112"
