"hour","N2O_flux","norm_flux","dataset"
0.116,528.95,0,"N2O_043"
1.101,600.58,0.0579713663696474,"N2O_043"
4.194,872.14,0.27774945168783,"N2O_043"
7.027,671.44,0.11531955876045,"N2O_043"
10.412,754.03,0.182161037867936,"N2O_043"
12.804,919.9,0.316402424713299,"N2O_043"
15.917,756.94,0.184516149917854,"N2O_043"
18.865,1115.42,0.474640056328453,"N2O_043"
21.956,1443.65,0.740282127855877,"N2O_043"
23.493,1764.56,1,"N2O_043"
