"hour","N2O_flux","norm_flux","dataset"
1.4895,28.017,0.694248608534323,"N2O_113"
4.4863,30.407,0.871614100185529,"N2O_113"
7.4365,28.249,0.711465677179963,"N2O_113"
10.3428,19.476,0.0604081632653061,"N2O_113"
13.3965,18.662,0,"N2O_113"
16.3789,32.009,0.990500927643785,"N2O_113"
19.3804,30.884,0.907012987012987,"N2O_113"
22.3261,32.137,1,"N2O_113"
