"hour","N2O_flux","norm_flux","dataset"
1.325,231.569,0.0838939309804919,"N2O_101"
6.229,222.353,0,"N2O_101"
13.276,300.203,0.708674319317633,"N2O_101"
18.73,288.151,0.598964070166495,"N2O_101"
23.211,332.206,1,"N2O_101"
