"hour","N2O_flux","norm_flux","dataset"
0.299,110.93,0.314996009,"N2O_082"
2.736,191.33,0.552661917,"N2O_082"
5.708,285.59,0.83129859,"N2O_082"
8.868,108.61,0.308137988,"N2O_082"
12.126,231.64,0.671820036,"N2O_082"
14.968,4.37,0,"N2O_082"
18.126,4.4,8.86813e-05,"N2O_082"
20.905,342.66,1,"N2O_082"
23.937,41.96,0.11111768,"N2O_082"
