"hour","N2O_flux","norm_flux","dataset"
0.0226,0.0247225,0.236589651161832,"N2O_257"
2.9789,0.0218543,0,"N2O_257"
6.0504,0.0251978,0.275795794804959,"N2O_257"
8.9742,0.0267038,0.400021446659683,"N2O_257"
12.0858,0.0339774,1,"N2O_257"
15.076,0.0282563,0.528082751111515,"N2O_257"
18.0322,0.0252613,0.281033728996709,"N2O_257"
21.027,0.0245482,0.222212140459123,"N2O_257"
24,0.0241518,0.189514233158186,"N2O_257"
