"hour","N2O_flux","norm_flux","dataset"
0.282,390.79,0.714301156631716,"N2O_058"
2.908,339.02,0.43449356826289,"N2O_058"
5.852,308.19,0.267862933736893,"N2O_058"
8.956,258.63,0,"N2O_058"
11.9,303.78,0.244027672684034,"N2O_058"
14.685,357.75,0.535725867473787,"N2O_058"
17.709,438.14,0.970219435736677,"N2O_058"
20.892,443.65,1,"N2O_058"
23.518,365.45,0.577342989947033,"N2O_058"
