"hour","N2O_flux","norm_flux","dataset"
1.4698,13088,0.0782565732943805,"N2O_231"
4.4326,9445,0,"N2O_231"
7.5256,9715,0.00579996562983331,"N2O_231"
10.5209,21589,0.260869565217391,"N2O_231"
13.4837,37511,0.60289568654408,"N2O_231"
16.5116,55997,1,"N2O_231"
19.507,32654,0.498560749269634,"N2O_231"
22.5023,25367,0.342026121326688,"N2O_231"
