"hour","N2O_flux","norm_flux","dataset"
0.0278,14.888,1,"N2O_217"
2.3442,9.953,0.64411913175164,"N2O_217"
4.7394,8.694,0.553328044998918,"N2O_217"
7.1415,3.027,0.144659984134997,"N2O_217"
9.5458,1.141,0.00865363813369872,"N2O_217"
11.9388,2.579,0.112353068435855,"N2O_217"
14.3873,2.925,0.137304391721353,"N2O_217"
16.8156,1.021,0,"N2O_217"
19.1635,13.33,0.887646931564145,"N2O_217"
21.5794,12.863,0.853969856493834,"N2O_217"
23.9032,11.139,0.729645921973029,"N2O_217"
