"hour","N2O_flux","norm_flux","dataset"
0.1206,2.658,0.135311572700297,"N2O_248"
4.1035,2.248,0.0542037586547973,"N2O_248"
6.9732,1.974,0,"N2O_248"
9.9171,2.453,0.094757665677547,"N2O_248"
12.1436,2.794,0.162215628090999,"N2O_248"
14.2217,7.029,1,"N2O_248"
16.275,4.433,0.486449060336301,"N2O_248"
18.6252,2.794,0.162215628090999,"N2O_248"
21.4701,2.999,0.202769535113749,"N2O_248"
