"hour","N2O_flux","norm_flux","dataset"
0.456,381.11,0.00274789757211801,"N2O_061"
2.703,397.59,0.0121823459030564,"N2O_061"
5.965,376.31,0,"N2O_061"
8.438,541.7,0.0946822457192908,"N2O_061"
11.47,1061.98,0.392531443390448,"N2O_061"
13.959,1887.96,0.86538736768587,"N2O_061"
16.675,2123.1,1,"N2O_061"
20.149,1816.28,0.824352097275574,"N2O_061"
23.117,1424.67,0.600163728897005,"N2O_061"
