"hour","N2O_flux","norm_flux","dataset"
2.149,65.927,0,"N2O_023"
6.039,96.216,0.88272666336374,"N2O_023"
10.171,100.24,1,"N2O_023"
14.018,79.883,0.40672631364206,"N2O_023"
17.984,67.842,0.0558097514061724,"N2O_023"
22.047,76.929,0.32063649345729,"N2O_023"
