"hour","N2O_flux","norm_flux","dataset"
0.8428,180.34,0.111277519844242,"N2O_272"
3.3195,174.49,0.0236633218511309,"N2O_272"
5.4139,184.64,0.175677699565673,"N2O_272"
8.0815,173.43,0.00778792871049888,"N2O_272"
10.4625,172.91,0,"N2O_272"
12.8405,209.55,0.548749438370526,"N2O_272"
15.2219,203.71,0.461285008237232,"N2O_272"
18.0766,234.94,0.929010034446608,"N2O_272"
20.6476,239.68,1,"N2O_272"
23.0295,228.53,0.833008836303729,"N2O_272"
