"hour","N2O_flux","norm_flux","dataset"
0.246,165.85,0.430096093257719,"N2O_087"
3.071,155.15,0.387956836798992,"N2O_087"
6.229,184.99,0.505474165091367,"N2O_087"
9.036,268.24,0.833333333333333,"N2O_087"
11.392,310.56,1,"N2O_087"
15.101,238.41,0.715855387523629,"N2O_087"
18.109,98.26,0.163909892879647,"N2O_087"
21.117,57.33,0.00271739130434782,"N2O_087"
23.824,56.64,0,"N2O_087"
