"hour","N2O_flux","norm_flux","dataset"
0.693,226.51,0.551188031680845,"N2O_078"
2.587,188.93,0,"N2O_078"
5.619,195.04,0.0896157230859487,"N2O_078"
8.082,244.87,0.820475212672338,"N2O_078"
11.556,257.11,1,"N2O_078"
14.587,230.01,0.602522733939571,"N2O_078"
17.493,234.38,0.666617776474039,"N2O_078"
20.651,224.76,0.525520680551481,"N2O_078"
23.682,255.36,0.974332648870637,"N2O_078"
