"hour","N2O_flux","norm_flux","dataset"
0.689,172.896,0.234208399091574,"N2O_098"
5.871,160.727,0,"N2O_098"
12.581,212.685,1,"N2O_098"
17.639,178.028,0.332980484237268,"N2O_098"
22.659,179.033,0.352323030139728,"N2O_098"
