"hour","N2O_flux","norm_flux","dataset"
1.9795,66.47,0.123886215276123,"N2O_173"
5.4742,75.882,0.348120264925907,"N2O_173"
6.0401,77.057,0.376113784723877,"N2O_173"
10.0048,103.244,1,"N2O_173"
14.0113,81.453,0.480845285176538,"N2O_173"
17.9951,72.189,0.26013722780769,"N2O_173"
22.0033,61.27,0,"N2O_173"
