"hour","N2O_flux","norm_flux","dataset"
0,0.20873,0.70967337471005,"N2O_275"
4.7705,0.09553,0,"N2O_275"
9.5902,0.23736,0.889160554197229,"N2O_275"
14.3607,0.25504,1,"N2O_275"
19.2049,0.20559,0.689988088521096,"N2O_275"
24,0.20425,0.681587361293963,"N2O_275"
