"hour","N2O_flux","norm_flux","dataset"
8.88178e-16,0.0237302,0.312004193252492,"N2O_260"
3.0057,0.0228571,0.223996290584334,"N2O_260"
6.0114,0.0206349,0,"N2O_260"
9.0171,0.0260317,0.543993871400204,"N2O_260"
12.0683,0.0273016,0.671998951686877,"N2O_260"
15.0285,0.0305556,1,"N2O_260"
17.9886,0.0242063,0.359994758434385,"N2O_260"
21.0398,0.0248413,0.424002338544659,"N2O_260"
24,0.0231746,0.256000080639471,"N2O_260"
