"hour","N2O_flux","norm_flux","dataset"
1.157,208.397,0.765280125116666,"N2O_037"
4.148,180.319,0.0570088035718788,"N2O_037"
7.26,178.059,0,"N2O_037"
10.182,178.809,0.0189188507428802,"N2O_037"
13.061,195.505,0.440077693413717,"N2O_037"
16.31,217.702,1,"N2O_037"
19.28,207.886,0.752390081477184,"N2O_037"
22.304,189.937,0.299624145498575,"N2O_037"
