"hour","N2O_flux","norm_flux","dataset"
1.832,132.5481818,0,"N2O_146"
5.918,185.9963636,0.322430803252276,"N2O_146"
16.134,298.3145455,1,"N2O_146"
20.056,211.47,0.476102729398292,"N2O_146"
23.652,181.44,0.294944143725583,"N2O_146"
