"hour","N2O_flux","norm_flux","dataset"
0.319,171.02,0.0964002764927954,"N2O_072"
3.098,152.89,0,"N2O_072"
6.055,224.22,0.379273674695592,"N2O_072"
8.919,288.1,0.718934439304515,"N2O_072"
11.943,310.13,0.836071675439996,"N2O_072"
15.047,257.26,0.554952943053119,"N2O_072"
17.911,288.1,0.718934439304515,"N2O_072"
20.935,307.92,0.824320731642474,"N2O_072"
23.72,340.96,1,"N2O_072"
