"hour","N2O_flux","norm_flux","dataset"
0.381,36.891,0.371354374750299,"N2O_002"
4.123,31.314,0,"N2O_002"
8.243,33.461,0.142961779198295,"N2O_002"
12.182,46.142,0.987348515115195,"N2O_002"
16.331,46.332,1,"N2O_002"
20.012,36.933,0.374151018777467,"N2O_002"
24.059,39.021,0.513184178985218,"N2O_002"
