"hour","N2O_flux","norm_flux","dataset"
0.0069,3.875,0.969054317247349,"N2O_205"
2.3599,2.305,0.629301017095867,"N2O_205"
4.7215,1.269,0.405107119671067,"N2O_205"
7.1492,-0.603,0,"N2O_205"
9.5886,0.382,0.213157325254274,"N2O_205"
11.9845,-0.164,0.0950010820168795,"N2O_205"
14.417,0.453,0.228521964942653,"N2O_205"
16.789,0.389,0.214672148885523,"N2O_205"
19.2299,4.018,1,"N2O_205"
21.6157,3.911,0.976844838779485,"N2O_205"
23.9345,3.574,0.903916901103657,"N2O_205"
