"hour","N2O_flux","norm_flux","dataset"
0.028,86.778,0.903608225,"N2O_278"
4.7617,51.382,0.140664741,"N2O_278"
9.5665,62.408,0.378324783,"N2O_278"
14.3559,91.25,1,"N2O_278"
19.1853,90.046,0.974048368,"N2O_278"
23.9655,44.856,0,"N2O_278"
