"hour","N2O_flux","norm_flux","dataset"
0.411,309.18,0.884623380223131,"N2O_075"
2.818,305.01,0.855727253828564,"N2O_075"
6.026,292.53,0.769246760446261,"N2O_075"
9.034,291.14,0.759614718314739,"N2O_075"
11.841,325.83,1,"N2O_075"
14.949,260.61,0.548056267756912,"N2O_075"
18.057,241.19,0.413484858984131,"N2O_075"
20.964,181.52,0,"N2O_075"
23.872,249.51,0.471138521238999,"N2O_075"
