"hour","N2O_flux","norm_flux","dataset"
0.377,247.49,0.112031558185405,"N2O_076"
3.03,236.13,0,"N2O_076"
5.998,292.07,0.551676528599606,"N2O_076"
8.777,337.53,1,"N2O_076"
11.998,313.93,0.767258382642998,"N2O_076"
14.84,288.58,0.517258382642998,"N2O_076"
17.808,295.57,0.586193293885602,"N2O_076"
20.966,295.57,0.586193293885602,"N2O_076"
23.872,329.66,0.922386587771204,"N2O_076"
