"hour","N2O_flux","norm_flux","dataset"
1.478,44.77,0.011363254,"N2O_046"
4.535,41.39,0,"N2O_046"
7.592,44.01,0.008808203,"N2O_046"
10.327,169.54,0.430828711,"N2O_046"
13.617,211.09,0.570516053,"N2O_046"
16.548,129.8,0.297226425,"N2O_046"
19.491,126.44,0.285930408,"N2O_046"
22.579,338.84,1,"N2O_046"
23.814,269.75,0.767725668,"N2O_046"
