"hour","N2O_flux","norm_flux","dataset"
0.377,203.33,0.841134037913102,"N2O_091"
2.888,205.22,0.85170273444053,"N2O_091"
5.795,210,0.878432030419952,"N2O_091"
8.864,231.74,1,"N2O_091"
11.555,163.35,0.617569758988984,"N2O_091"
14.325,114.83,0.346250629089079,"N2O_091"
17.798,147.73,0.530224235307275,"N2O_091"
20.986,68.25,0.0857797908628306,"N2O_091"
23.623,52.91,0,"N2O_091"
