"hour","N2O_flux","norm_flux","dataset"
0.0109,13.585,0.869090365050868,"N2O_216"
2.3672,14.657,0.949281867145422,"N2O_216"
4.7378,12.906,0.818297426690604,"N2O_216"
7.1805,10.382,0.629488330341113,"N2O_216"
9.5773,1.967,0,"N2O_216"
11.9863,3.566,0.119614003590664,"N2O_216"
14.3468,6.539,0.342010771992819,"N2O_216"
16.7628,12.379,0.778874925194494,"N2O_216"
19.1561,14.234,0.917639138240574,"N2O_216"
21.5617,15.335,1,"N2O_216"
23.9274,13.707,0.878216636744464,"N2O_216"
