"hour","N2O_flux","norm_flux","dataset"
0.0069,3.857,0.782985821517932,"N2O_206"
2.3442,1.193,0.33861551292744,"N2O_206"
4.8223,4.682,0.920600500417014,"N2O_206"
7.2022,3.05,0.64837364470392,"N2O_206"
9.6234,-0.837,0,"N2O_206"
12.0047,0.127,0.160800667222686,"N2O_206"
14.3249,1.262,0.350125104253545,"N2O_206"
16.7805,4.559,0.900083402835696,"N2O_206"
19.2364,5.158,1,"N2O_206"
21.5741,4.183,0.837364470391993,"N2O_206"
23.8465,5.122,0.993994995829858,"N2O_206"
