"hour","N2O_flux","norm_flux","dataset"
0.2945,155.36,0.611116872342632,"N2O_274"
2.6458,133.93,0.388883127657368,"N2O_274"
4.8113,144.64,0.499948148916312,"N2O_274"
7.4471,150,0.555532510629472,"N2O_274"
9.7092,192.86,1,"N2O_274"
12.0613,182.14,0.88883127657368,"N2O_274"
14.4134,171.43,0.777766255314736,"N2O_274"
16.858,139.29,0.444467489370528,"N2O_274"
19.1151,117.86,0.222233744685264,"N2O_274"
21.2803,123.21,0.277714404231048,"N2O_274"
23.537,96.43,0,"N2O_274"
