"hour","N2O_flux","norm_flux","dataset"
0.0232,0.525,0.215703809694151,"N2O_245"
2.9477,-0.681,0,"N2O_245"
6.0303,-0.023,0.117689143265963,"N2O_245"
8.9153,0.744,0.254873904489358,"N2O_245"
11.8991,1.238,0.343230191379002,"N2O_245"
13.9344,1.676,0.421570380969415,"N2O_245"
16.9972,4.91,1,"N2O_245"
20.9097,0.141,0.147021999642282,"N2O_245"
