"hour","N2O_flux","norm_flux","dataset"
0.393,32.331,0,"N2O_110"
5.053,59.427,0.373908123697683,"N2O_110"
10.037,104.798,1,"N2O_110"
15.144,40.476,0.112395987138974,"N2O_110"
19.85,52.633,0.280155105082313,"N2O_110"
23.285,57.455,0.346695737370113,"N2O_110"
