"hour","N2O_flux","norm_flux","dataset"
0.7593,42.67,0.125146473,"N2O_269"
2.9321,37.33,0,"N2O_269"
5.39,53.33,0.374970705,"N2O_269"
7.6582,58.68,0.500351535,"N2O_269"
10.3055,80,1,"N2O_269"
12.6665,64,0.625029295,"N2O_269"
15.1236,69.34,0.750175768,"N2O_269"
17.39,53.35,0.375439419,"N2O_269"
19.7527,58.67,0.500117178,"N2O_269"
22.3047,69.33,0.749941411,"N2O_269"
