"hour","N2O_flux","norm_flux","dataset"
0.0635,10.655,0.728654694391934,"N2O_215"
2.3062,9.481,0.636184625078765,"N2O_215"
4.7115,7.956,0.516068052930057,"N2O_215"
7.1502,3.863,0.193683049779458,"N2O_215"
9.5558,1.404,0,"N2O_215"
11.9273,3.85,0.192659105229994,"N2O_215"
14.397,4.252,0.224322621298047,"N2O_215"
16.7999,9.851,0.665327662255829,"N2O_215"
19.1708,13.99,0.991335853812224,"N2O_215"
21.5756,14.1,1,"N2O_215"
23.9156,13.394,0.944391934467549,"N2O_215"
