"hour","N2O_flux","norm_flux","dataset"
0,272.02,0.237339380196523,"N2O_048"
4.247,250.04,0,"N2O_048"
7.214,288.29,0.413022351797862,"N2O_048"
10.459,254.8,0.051398337112623,"N2O_048"
16.534,342.65,1,"N2O_048"
21.895,260.37,0.111543029910377,"N2O_048"
