"hour","N2O_flux","norm_flux","dataset"
0.288,30.637,0.466013959806999,"N2O_007"
4.03,20.689,0,"N2O_007"
8.15,27.207,0.305335644352836,"N2O_007"
12.089,34.688,0.655783014006652,"N2O_007"
16.238,42.036,1,"N2O_007"
20.012,33.617,0.605612029793413,"N2O_007"
23.966,28.848,0.382208272825221,"N2O_007"
