"hour","N2O_flux","norm_flux","dataset"
0.304,338.31,0.982249900093246,"N2O_103"
5.188,290.605,0.452688601749479,"N2O_103"
10.163,298.358,0.538752719683851,"N2O_103"
15.21,339.909,1,"N2O_103"
20.275,291.676,0.464577505439368,"N2O_103"
23.294,249.825,0,"N2O_103"
