"hour","N2O_flux","norm_flux","dataset"
1.155,94.434,0.723292160766832,"N2O_107"
4.032,110.138,1,"N2O_107"
9.08,91.881,0.678307754656141,"N2O_107"
13.991,82.102,0.50599968283615,"N2O_107"
19.315,62.808,0.166035275668247,"N2O_107"
23.017,53.385,0,"N2O_107"
