"hour","N2O_flux","norm_flux","dataset"
-0.022,327.32,0.535453970236579,"N2O_102"
4.541,262.159,0,"N2O_102"
9.502,293.84,0.260335434248478,"N2O_102"
13.862,381.642,0.981839547056939,"N2O_102"
19.066,383.852,1,"N2O_102"
23.578,338.746,0.629345977172064,"N2O_102"
