"hour","N2O_flux","norm_flux","dataset"
1.622,245.55,0.080668618,"N2O_038"
4.679,248.17,0.083080208,"N2O_038"
7.496,157.91,0,"N2O_038"
10.471,373.32,0.198275069,"N2O_038"
13.541,456.85,0.275160619,"N2O_038"
16.584,369.56,0.19481416,"N2O_038"
19.433,1244.33,1,"N2O_038"
22.742,662.49,0.464442849,"N2O_038"
23.966,521.48,0.334649583,"N2O_038"
