"hour","N2O_flux","norm_flux","dataset"
1.771,24.523,0.259947814742335,"N2O_027"
5.819,26.386,0.867579908675798,"N2O_027"
9.898,23.726,0,"N2O_027"
13.908,24.753,0.334964122635356,"N2O_027"
17.733,26.792,1,"N2O_027"
21.898,24.605,0.286692759295499,"N2O_027"
