"hour","N2O_flux","norm_flux","dataset"
1.4905,1.423,0.669473189087488,"N2O_195"
4.513,-3.276,0.448447789275635,"N2O_195"
7.4713,-12.81,0,"N2O_195"
10.5023,-4.439,0.393744120413923,"N2O_195"
13.5219,7.105,0.936735653809972,"N2O_195"
16.5217,8.45,1,"N2O_195"
19.5228,1.711,0.683019755409219,"N2O_195"
22.5228,1.62,0.678739416745061,"N2O_195"
