"hour","N2O_flux","norm_flux","dataset"
0.046,560.23,0,"N2O_063"
2.642,747.25,0.407717462393721,"N2O_063"
5.557,929.81,0.805711794201003,"N2O_063"
8.529,793.4,0.508327883148027,"N2O_063"
11.435,812.63,0.55025070852409,"N2O_063"
14.34,802.14,0.527381730978853,"N2O_063"
17.498,1018.93,1,"N2O_063"
20.656,903.54,0.748441247002398,"N2O_063"
23.687,723.47,0.355875299760192,"N2O_063"
