"hour","N2O_flux","norm_flux","dataset"
3.486,157.794,0,"N2O_236"
6.986,158.328,0.00950110312433265,"N2O_236"
11.211,190.13,0.575332716532631,"N2O_236"
15.192,213.998,1,"N2O_236"
18.972,175.354,0.312433278770194,"N2O_236"
22.966,183.828,0.463205465803146,"N2O_236"
