"hour","N2O_flux","norm_flux","dataset"
1.198,227.074,0.498784034622753,"N2O_104"
6.052,237.63,0.603565508273528,"N2O_104"
11.009,277.568,1,"N2O_104"
16.333,191.595,0.146610682628074,"N2O_104"
21.241,185.89,0.089981437916282,"N2O_104"
23.429,176.825,0,"N2O_104"
