"hour","N2O_flux","norm_flux","dataset"
1.132,137.543,0,"N2O_035"
3.998,158.433,0.196919422344557,"N2O_035"
7.108,150.989,0.126748614305645,"N2O_035"
10.035,169.595,0.302137928434071,"N2O_035"
13.074,232.948,0.899334489649712,"N2O_035"
16.177,243.627,1,"N2O_035"
19.138,209.042,0.673984766788583,"N2O_035"
22.164,198.005,0.569944572225783,"N2O_035"
