"hour","N2O_flux","norm_flux","dataset"
0,90.11545455,0.711040964,"N2O_277"
4.8197,-34.59272727,0,"N2O_277"
9.6148,138.9436364,0.989441602,"N2O_277"
14.4098,97.51636364,0.753238271,"N2O_277"
19.2049,140.7954545,1,"N2O_277"
23.9754,129.2645455,0.934254925,"N2O_277"
