"hour","N2O_flux","norm_flux","dataset"
0.095,217.87,1,"N2O_095"
3.555,174.6,0.726710036000758,"N2O_095"
6.741,203.49,0.909177035306006,"N2O_095"
10.474,185.53,0.795743068275122,"N2O_095"
13.661,127.97,0.432198572601528,"N2O_095"
17.303,61.55,0.0126950041053496,"N2O_095"
21.218,59.54,0,"N2O_095"
23.676,68.68,0.0577275311059181,"N2O_095"
