"hour","N2O_flux","norm_flux","dataset"
2,11.777,0,"N2O_187"
5.9739,27.893,0.0708461000795678,"N2O_187"
10.013,239.256,1,"N2O_187"
13.9544,92.355,0.354221708377477,"N2O_187"
17.9609,41.529,0.13079009490986,"N2O_187"
21.9349,15.496,0.0163487618637325,"N2O_187"
