"hour","N2O_flux","norm_flux","dataset"
3.101,177.888,0,"N2O_237"
6.924,186.453,0.144435075885329,"N2O_237"
11.036,212.374,0.581551433389545,"N2O_237"
15.149,237.188,1,"N2O_237"
19.093,219.545,0.70247892074199,"N2O_237"
23.235,207.812,0.504620573355818,"N2O_237"
