"hour","N2O_flux","norm_flux","dataset"
0.484,172.023,0.413620141,"N2O_105"
2.525,165.728,0.337718241,"N2O_105"
7.54,148.124,0.125458185,"N2O_105"
11.99,220.655,1,"N2O_105"
17.409,137.719,0,"N2O_105"
22.434,148.812,0.133753738,"N2O_105"
