"hour","N2O_flux","norm_flux","dataset"
0,71.61,0.49348257,"N2O_279"
4.7705,-63.06363636,0,"N2O_279"
9.6148,115.4554545,0.654144806,"N2O_279"
14.4098,128.1254545,0.700571295,"N2O_279"
18.993,209.8409091,1,"N2O_279"
24,93.67272727,0.574326688,"N2O_279"
