"hour","N2O_flux","norm_flux","dataset"
0.137,32.144,0.679889896373057,"N2O_005"
4.098,30.636,0.557804404145078,"N2O_005"
8.053,36.098,1,"N2O_005"
12.035,29.112,0.434423575129534,"N2O_005"
16.018,35.255,0.931751943005182,"N2O_005"
20.03,23.746,0,"N2O_005"
23.733,24.327,0.0470369170984458,"N2O_005"
