"hour","N2O_flux","norm_flux","dataset"
0.8354,74.01,0,"N2O_271"
3.0934,79.3,0.0526682596575069,"N2O_271"
5.5397,84.58,0.105236957387495,"N2O_271"
8.08,89.87,0.157905217045002,"N2O_271"
10.149,100.44,0.263142174432497,"N2O_271"
12.5935,116.3,0.421047391477499,"N2O_271"
15.0398,121.59,0.473715651135006,"N2O_271"
17.4876,116.3,0.421047391477499,"N2O_271"
19.8389,126.87,0.526284348864994,"N2O_271"
22.2785,174.45,1,"N2O_271"
