"hour","N2O_flux","norm_flux","dataset"
1.498,-9.918,0.236557335793977,"N2O_190"
4.5004,-18.378,0,"N2O_190"
7.4958,-12.389,0.16746357967732,"N2O_190"
10.5148,3.985,0.625311075692755,"N2O_190"
13.5183,13.462,0.89030562313005,"N2O_190"
16.5116,17.385,1,"N2O_190"
19.5024,6.521,0.696222352710902,"N2O_190"
22.5096,-0.328,0.504711573413863,"N2O_190"
