"hour","N2O_flux","norm_flux","dataset"
0.284,54.61,0.256123261368426,"N2O_083"
2.756,130.31,0.610640191073854,"N2O_083"
5.825,213.45,1,"N2O_083"
8.851,88.46,0.414648995457313,"N2O_083"
11.821,211.9,0.992741066829017,"N2O_083"
14.955,58.43,0.274013019247881,"N2O_083"
18.28,2.18,0.0105839928815623,"N2O_083"
21.133,2.36,0.0114269657659345,"N2O_083"
23.786,-0.08,0,"N2O_083"
