"hour","N2O_flux","norm_flux","dataset"
0.757,793.45,1,"N2O_052"
4.201,702.77,0.688309902725741,"N2O_052"
7.216,627.2,0.428556697487368,"N2O_052"
9.942,544.08,0.14285223249579,"N2O_052"
13.25,593.2,0.311690097274259,"N2O_052"
15.982,630.98,0.441549513628708,"N2O_052"
19.138,502.52,0,"N2O_052"
22.305,627.2,0.428556697487368,"N2O_052"
