"hour","N2O_flux","norm_flux","dataset"
1.4927,-11.162,0.168472116590269,"N2O_201"
4.5144,-11.707,0.157269419720858,"N2O_201"
7.4941,-19.358,0,"N2O_201"
10.5025,-5.379,0.28734403584863,"N2O_201"
13.5009,29.291,1,"N2O_201"
16.5193,22.041,0.850973298526177,"N2O_201"
19.5226,3.18,0.46327776521614,"N2O_201"
22.5245,-7.971,0.234064420645851,"N2O_201"
