"hour","N2O_flux","norm_flux","dataset"
3.136,177.741,1,"N2O_238"
6.746,168.452,0.806277372262774,"N2O_238"
10.916,135.314,0.115182481751825,"N2O_238"
14.922,129.791,0,"N2O_238"
19.028,155.146,0.528779979144942,"N2O_238"
22.872,175.23,0.947632950990615,"N2O_238"
