"hour","N2O_flux","norm_flux","dataset"
2.278,39.193,0,"N2O_017"
6.352,41.192,0.0786264946507238,"N2O_017"
10.087,64.617,1,"N2O_017"
14.246,52.112,0.508141913152926,"N2O_017"
18.151,54.474,0.601046255506608,"N2O_017"
22.395,45.979,0.266913152926369,"N2O_017"
