"hour","N2O_flux","norm_flux","dataset"
2.202,92.956,0.211187906713552,"N2O_024"
6.286,113.377,0.623883432359242,"N2O_024"
10.018,131.988,1,"N2O_024"
13.851,104.338,0.441210945394285,"N2O_024"
18.039,96.587,0.284568125783113,"N2O_024"
21.629,82.506,0,"N2O_024"
