"hour","N2O_flux","norm_flux","dataset"
0.124,39.077,0.380672609400324,"N2O_003"
3.997,34.177,0.132495948136143,"N2O_003"
8.039,43.257,0.592382495948136,"N2O_003"
12.088,50.889,0.978930307941653,"N2O_003"
16.175,51.305,1,"N2O_003"
20.097,37.988,0.325516612641815,"N2O_003"
23.813,31.561,0,"N2O_003"
