"hour","N2O_flux","norm_flux","dataset"
1.4824,5.231,0.568272684149895,"N2O_191"
4.4984,10.061,0.731923832757336,"N2O_191"
7.4888,-2.391,0.310022362268754,"N2O_191"
10.5048,-11.541,0,"N2O_191"
13.508,-10.303,0.0419461950260893,"N2O_191"
16.4856,-7.609,0.133224910212103,"N2O_191"
19.4888,-1.517,0.339635427254862,"N2O_191"
22.5048,17.973,1,"N2O_191"
