"hour","N2O_flux","norm_flux","dataset"
0.339,506.43,0.0834079562321365,"N2O_056"
2.444,370.44,0,"N2O_056"
5.051,690.98,0.196599649170153,"N2O_056"
7.958,793.66,0.259577286834067,"N2O_056"
10.865,1135,0.468934385005091,"N2O_056"
13.572,1581.81,0.74298033635505,"N2O_056"
16.079,2000.86,1,"N2O_056"
19.287,1995.31,0.996595969136787,"N2O_056"
22.696,1544.34,0.719998527986654,"N2O_056"
23.556,1413.58,0.639798334171563,"N2O_056"
