"hour","N2O_flux","norm_flux","dataset"
0.521,104.44,0,"N2O_094"
2.988,119.86,0.0425426253931468,"N2O_094"
5.773,135.28,0.0850852507862937,"N2O_094"
8.905,141.72,0.102852728576946,"N2O_094"
12.126,141.72,0.102852728576946,"N2O_094"
14.778,132.11,0.0763394581471059,"N2O_094"
17.747,244.87,0.387435854990896,"N2O_094"
20.778,466.9,1,"N2O_094"
23.81,209.9,0.290956243447553,"N2O_094"
