"hour","N2O_flux","norm_flux","dataset"
0.063,668.56,1,"N2O_074"
2.469,521.48,0.67900480139677,"N2O_074"
5.777,313.34,0.224749017896115,"N2O_074"
8.685,307.79,0.212636403317329,"N2O_074"
11.805,256.69,0.101113051069402,"N2O_074"
14.584,237.46,0.0591444783937145,"N2O_074"
17.679,212.98,0.00571802706241811,"N2O_074"
20.9,210.36,0,"N2O_074"
23.427,306.51,0.209842863378437,"N2O_074"
