"hour","N2O_flux","norm_flux","dataset"
0.0738,7.648,1,"N2O_211"
2.3283,6.912,0.8867169462829,"N2O_211"
4.7101,5.804,0.716176696937048,"N2O_211"
7.1872,3.017,0.287209481299061,"N2O_211"
9.5346,2.316,0.179313529321225,"N2O_211"
11.9337,1.151,0,"N2O_211"
14.3581,1.886,0.11312913652455,"N2O_211"
16.7822,3.177,0.311836232107126,"N2O_211"
19.1279,7.434,0.967061720794213,"N2O_211"
21.5268,7.15,0.923349238109897,"N2O_211"
23.9257,6.633,0.843774049561336,"N2O_211"
