"hour","N2O_flux","norm_flux","dataset"
1.4926,4.46,0.711040413580554,"N2O_193"
4.4984,2.124,0.594919719640105,"N2O_193"
7.499,-5.781,0.201968484366456,"N2O_193"
10.5048,-4.067,0.287170055177213,"N2O_193"
13.508,-5.218,0.229954764626932,"N2O_193"
16.4958,-9.844,0,"N2O_193"
19.5091,10.273,1,"N2O_193"
22.5048,6.337,0.804344584182532,"N2O_193"
