"hour","N2O_flux","norm_flux","dataset"
0.377,202.04,0.810165073848827,"N2O_090"
3.156,179.31,0.48103098754706,"N2O_090"
5.935,209.03,0.911381407471764,"N2O_090"
8.714,180.18,0.493628728641761,"N2O_090"
11.935,146.09,0,"N2O_090"
14.966,156.58,0.151896901245294,"N2O_090"
17.935,172.32,0.379814653924124,"N2O_090"
20.966,186.3,0.582247321169997,"N2O_090"
23.808,215.15,1,"N2O_090"
