"hour","N2O_flux","norm_flux","dataset"
1.972,40.868,0.789005072988922,"N2O_026"
6.025,44.944,1,"N2O_026"
10.183,39.73,0.730096283259136,"N2O_026"
14.015,35.82,0.527694378300031,"N2O_026"
17.818,26.792,0.0603582151361425,"N2O_026"
21.9,25.626,0,"N2O_026"
