"hour","N2O_flux","norm_flux","dataset"
3.086,63.493,0,"N2O_164"
7.886,64.399,0.0283125,"N2O_164"
12.686,95.493,1,"N2O_164"
18,90.377,0.840125,"N2O_164"
22.971,75.439,0.3733125,"N2O_164"
