"hour","N2O_flux","norm_flux","dataset"
0.337,693.9,1,"N2O_054"
2.642,618.97,0.667524515,"N2O_054"
5.558,557.69,0.395616098,"N2O_054"
8.716,524.48,0.248258419,"N2O_054"
11.621,525.65,0.253449882,"N2O_054"
14.526,562.94,0.418911124,"N2O_054"
17.684,634.62,0.736965878,"N2O_054"
20.716,562.94,0.418911124,"N2O_054"
23.747,468.53,0,"N2O_054"
