"hour","N2O_flux","norm_flux","dataset"
0.139,31.164,0.683165291781241,"N2O_010"
4.016,24.456,0,"N2O_010"
7.975,27.659,0.326204297789999,"N2O_010"
12.04,26.776,0.236276606579081,"N2O_010"
16.02,34.275,1,"N2O_010"
20.017,30.603,0.626031164069661,"N2O_010"
23.729,26.739,0.232508402077605,"N2O_010"
