"hour","N2O_flux","norm_flux","dataset"
1.872,26.654,0.00501154835054685,"N2O_014"
5.947,26.539,0,"N2O_014"
9.766,46.393,0.865211138710943,"N2O_014"
13.926,49.486,1,"N2O_014"
18.17,40.48,0.607530396130213,"N2O_014"
21.905,31.835,0.230792696213013,"N2O_014"
