"hour","N2O_flux","norm_flux","dataset"
2.197,90.811,0.610184372256366,"N2O_021"
6.253,96.216,0.779662611313182,"N2O_021"
10.176,103.243,1,"N2O_021"
14.483,99.189,0.872883481750909,"N2O_021"
18.212,75.135,0.118650445252728,"N2O_021"
22.25,71.351,0,"N2O_021"
