"hour","N2O_flux","norm_flux","dataset"
3.084,176.016,0.781968869094081,"N2O_239"
6.704,164.756,0.52346296891501,"N2O_239"
10.86,141.955,0,"N2O_239"
15.151,147.271,0.122044170990403,"N2O_239"
19.039,174.425,0.745442857798797,"N2O_239"
23.061,185.513,1,"N2O_239"
