"hour","N2O_flux","norm_flux","dataset"
0.399,276.94,0.130957492486045,"N2O_085"
2.978,289.42,0.207507820646507,"N2O_085"
6.007,372.32,0.716003189597007,"N2O_085"
9.014,418.62,1,"N2O_085"
11.863,409.84,0.946144881310188,"N2O_085"
15.071,287.66,0.196712261546955,"N2O_085"
17.92,255.59,0,"N2O_085"
20.916,260.92,0.0326933693185304,"N2O_085"
23.873,394.84,0.854137275348095,"N2O_085"
