"hour","N2O_flux","norm_flux","dataset"
1.4795,1697,0.726751592356688,"N2O_230"
4.4932,1863.1,0.844302901627742,"N2O_230"
7.5616,1725.5,0.74692144373673,"N2O_230"
10.5205,1752.4,0.765958952583156,"N2O_230"
13.5342,2083.1,1,"N2O_230"
16.6027,1793.6,0.795116772823779,"N2O_230"
19.5068,1301.4,0.446779900920028,"N2O_230"
22.5205,670.1,0,"N2O_230"
