"hour","N2O_flux","norm_flux","dataset"
0.0264,5.8463,0.357185990338164,"N2O_185"
2.9989,3.9897,0.0769021739130435,"N2O_185"
5.9977,4.2844,0.12139190821256,"N2O_185"
8.9975,6.2666,0.420637077294686,"N2O_185"
12.0227,9.1346,0.85360809178744,"N2O_185"
14.9723,10.1043,1,"N2O_185"
17.9915,3.6917,0.0319142512077294,"N2O_185"
20.9651,3.4803,0,"N2O_185"
