"hour","N2O_flux","norm_flux","dataset"
1.4926,-1.55,0.607140061066312,"N2O_192"
4.4984,-3.193,0.564263159268248,"N2O_192"
7.4888,-24.815,0,"N2O_192"
10.5048,-4.683,0.525379054777004,"N2O_192"
13.508,6.033,0.805031446540881,"N2O_192"
16.4958,10.037,0.909522691093191,"N2O_192"
19.499,4.031,0.752785824264725,"N2O_192"
22.4946,13.504,1,"N2O_192"
