"hour","N2O_flux","norm_flux","dataset"
0.0257,10.535,0.936662717579513,"N2O_208"
2.4267,10.867,0.966918800692609,"N2O_208"
4.8152,9.149,0.810352683860385,"N2O_208"
7.2159,11.23,1,"N2O_208"
9.6238,0.257,0,"N2O_208"
12.0762,1.791,0.139797685227376,"N2O_208"
14.4543,2.815,0.233117652419575,"N2O_208"
16.8636,7.52,0.661897384489201,"N2O_208"
19.2508,9.768,0.866763874965825,"N2O_208"
21.6484,9.509,0.843160484826392,"N2O_208"
24.0051,8.983,0.795224642303837,"N2O_208"
