"hour","N2O_flux","norm_flux","dataset"
2,38.43,0,"N2O_186"
6.0065,51.446,0.0531625509528905,"N2O_186"
9.9805,283.264,1,"N2O_186"
14.0521,115.909,0.316455230891134,"N2O_186"
17.9935,96.694,0.237973484074924,"N2O_186"
22,78.719,0.164556393311386,"N2O_186"
