"hour","N2O_flux","norm_flux","dataset"
0.282,182.63,0,"N2O_080"
2.988,210.17,0.500090794,"N2O_080"
6.011,211.27,0.520065371,"N2O_080"
8.956,237.7,1,"N2O_080"
12.059,209,0.478845106,"N2O_080"
14.924,210.17,0.500090794,"N2O_080"
18.107,209.07,0.480116216,"N2O_080"
20.971,234.4,0.940076267,"N2O_080"
23.597,236.6,0.980025422,"N2O_080"
