"hour","N2O_flux","norm_flux","dataset"
0.05,236.59,0,"N2O_081"
3.327,263.83,0.486341724692019,"N2O_081"
6.787,248.09,0.205320478485985,"N2O_081"
10.429,249.96,0.238707373683271,"N2O_081"
13.797,292.6,1,"N2O_081"
16.62,251.59,0.267809319764328,"N2O_081"
20.535,241.32,0.0844492054990178,"N2O_081"
23.63,277.38,0.728262810212462,"N2O_081"
