"hour","N2O_flux","norm_flux","dataset"
0.813,158.89,0,"N2O_261"
3.233,182.3,0.202089088,"N2O_261"
5.533,176.44,0.151502072,"N2O_261"
8.017,161.23,0.020200276,"N2O_261"
10.335,201.02,0.363691298,"N2O_261"
12.715,224.42,0.565694061,"N2O_261"
15.094,274.73,1,"N2O_261"
17.537,263.03,0.898998619,"N2O_261"
19.919,232.61,0.636395028,"N2O_261"
22.28,225.59,0.575794199,"N2O_261"
