"hour","N2O_flux","norm_flux","dataset"
0,35.30545455,0.011924191,"N2O_280"
4.7951,33.02727273,0,"N2O_280"
9.6148,94.09909091,0.319654931,"N2O_280"
14.3852,66.91363636,0.177364021,"N2O_280"
18.997,224.0827273,1,"N2O_280"
24,97.23636364,0.336075675,"N2O_280"
