"hour","N2O_flux","norm_flux","dataset"
1.4912,-2.43,0.254864334,"N2O_194"
4.5131,-3.805,0.193502321,"N2O_194"
7.4704,-8.141,0,"N2O_194"
10.5029,-7.899,0.010799714,"N2O_194"
13.5212,11.26,0.865806855,"N2O_194"
16.5207,14.267,1,"N2O_194"
19.5227,2.391,0.47001071,"N2O_194"
22.5239,-4.348,0.169269904,"N2O_194"
