"hour","N2O_flux","norm_flux","dataset"
1.875,30.334,0,"N2O_015"
6.046,32.662,0.119568567026194,"N2O_015"
10.003,49.588,0.988906009244992,"N2O_015"
14.281,49.804,1,"N2O_015"
18.345,47.448,0.87899332306112,"N2O_015"
21.874,41.138,0.554904982023626,"N2O_015"
