"hour","N2O_flux","norm_flux","dataset"
0.089,7.113,0,"N2O_006"
4.052,11.903,0.201998903555012,"N2O_006"
8.015,15.616,0.358579682030953,"N2O_006"
12.125,24,0.712141019693839,"N2O_006"
16.088,26.634,0.823219331168557,"N2O_006"
20.052,29.149,0.929279298275208,"N2O_006"
23.868,30.826,1,"N2O_006"
