"hour","N2O_flux","norm_flux","dataset"
0.0185,17.115,0.752171259565279,"N2O_222"
2.3932,15.939,0.696962583916248,"N2O_222"
4.7724,18.366,0.810900896671518,"N2O_222"
7.1261,15.765,0.688793953335524,"N2O_222"
9.6002,1.093,0,"N2O_222"
12.0124,4.252,0.148302896577625,"N2O_222"
14.3938,9.059,0.373973052908314,"N2O_222"
16.7749,18.713,0.827191211680203,"N2O_222"
19.1666,20.264,0.900004694615276,"N2O_222"
21.602,22.394,1,"N2O_222"
23.9102,20.933,0.931411670813577,"N2O_222"
