"hour","N2O_flux","norm_flux","dataset"
2.094,77.942,1,"N2O_029"
5.959,73.143,0.629649637289706,"N2O_029"
9.939,72.782,0.601790399753048,"N2O_029"
14.035,73.503,0.657431702423214,"N2O_029"
18.129,72.708,0.59607964192005,"N2O_029"
22.162,64.984,0,"N2O_029"
