"hour","N2O_flux","norm_flux","dataset"
0.1003,63.98,0.0154639175257731,"N2O_270"
2.1003,63.53,0,"N2O_270"
4.2916,73.71,0.349828178694158,"N2O_270"
6.3863,67.91,0.150515463917526,"N2O_270"
8.482,72.78,0.31786941580756,"N2O_270"
10.5784,88.32,0.851890034364261,"N2O_270"
12.007,88,0.840893470790378,"N2O_270"
15.1502,92.63,1,"N2O_270"
17.6255,81.42,0.614776632302406,"N2O_270"
20.1956,64.85,0.0453608247422678,"N2O_270"
22.4826,80.34,0.57766323024055,"N2O_270"
