"hour","N2O_flux","norm_flux","dataset"
1.4922,-8.523,0.27392330723169,"N2O_200"
4.5143,-10.747,0.209897512666974,"N2O_200"
7.4939,-18.038,0,"N2O_200"
10.5023,-4.3,0.395497466605251,"N2O_200"
13.5031,16.698,1,"N2O_200"
16.5207,13.886,0.919046522339935,"N2O_200"
19.5209,12.894,0.890488254260709,"N2O_200"
22.5236,-2.934,0.434822662367572,"N2O_200"
