"hour","N2O_flux","norm_flux","dataset"
0.014,4.301,0.861606287138202,"N2O_214"
2.3381,5.023,1,"N2O_214"
4.7409,3.915,0.787617404638681,"N2O_214"
7.2475,3.784,0.762507188039103,"N2O_214"
9.578,-0.194,0,"N2O_214"
11.955,0.297,0.0941153919877324,"N2O_214"
14.3811,0.933,0.216024535173471,"N2O_214"
16.7336,3.037,0.619321449108683,"N2O_214"
19.16,2.79,0.5719762315507,"N2O_214"
21.5656,3.774,0.760590377611654,"N2O_214"
23.9307,3.781,0.761932144910868,"N2O_214"
