"hour","N2O_flux","norm_flux","dataset"
1.637,27.673,0.288067898152771,"N2O_013"
6.051,28.654,0.451323015476785,"N2O_013"
9.616,31.742,0.965218838409053,"N2O_013"
13.69,25.942,0,"N2O_013"
18.019,31.951,1,"N2O_013"
21.669,29.647,0.616575137294059,"N2O_013"
