"hour","N2O_flux","norm_flux","dataset"
1.5,5.20513,0.658423283632164,"N2O_223"
4.4967,4.96226,0.501725884394779,"N2O_223"
7.4872,5.73455,1,"N2O_223"
10.4874,5.68462,0.967785641932216,"N2O_223"
13.5016,5.44359,0.812275393082269,"N2O_223"
16.4937,4.51795,0.215061325350177,"N2O_223"
19.4748,4.18462,0,"N2O_223"
22.4747,4.97278,0.508513287696864,"N2O_223"
