"hour","N2O_flux","norm_flux","dataset"
0,64.906,0,"N2O_163"
4.114,82.394,0.433117864130569,"N2O_163"
12,105.283,1,"N2O_163"
16.971,91.1,0.648735666344701,"N2O_163"
22.286,82.965,0.447259578472893,"N2O_163"
