"hour","N2O_flux","norm_flux","dataset"
3.172,177.652,0,"N2O_235"
6.897,185.985,0.139827166708617,"N2O_235"
10.966,212.431,0.583589227284168,"N2O_235"
14.963,237.247,1,"N2O_235"
18.873,219.351,0.69970635120396,"N2O_235"
22.957,206.943,0.491500964846044,"N2O_235"
