"hour","N2O_flux","norm_flux","dataset"
1.88,99.383,0.174443319838057,"N2O_028"
5.872,118.729,0.663967611336033,"N2O_028"
10.089,132.009,1,"N2O_028"
14.067,127.642,0.889498987854251,"N2O_028"
18.038,111.039,0.469382591093118,"N2O_028"
21.838,92.489,0,"N2O_028"
