"hour","N2O_flux","norm_flux","dataset"
0.407,347.54,0.205115592720118,"N2O_051"
4.361,339.36,0.186826454411304,"N2O_051"
7.188,255.8,0,"N2O_051"
10.289,368.66,0.252336448598131,"N2O_051"
13.11,409.77,0.344251665697804,"N2O_051"
16.078,345.08,0.199615436211599,"N2O_051"
19.173,582.62,0.730715914680499,"N2O_051"
22.132,703.06,1,"N2O_051"
