"hour","N2O_flux","norm_flux","dataset"
0.054,26.191,0.722145804676754,"N2O_009"
3.999,25.21,0.687546291397736,"N2O_009"
7.946,26.604,0.736712164497584,"N2O_009"
12.029,7.636,0.0677177018304941,"N2O_009"
16.011,5.716,0,"N2O_009"
19.933,34.069,1,"N2O_009"
23.815,31.034,0.892956653616901,"N2O_009"
