"hour","N2O_flux","norm_flux","dataset"
1.567,2133.86,1,"N2O_065"
4.875,1816.1,0.69748955169886,"N2O_065"
7.682,1562.17,0.455745851619844,"N2O_065"
10.991,1352.64,0.256271360706772,"N2O_065"
13.898,1331.83,0.236460048933274,"N2O_065"
16.906,1447,0.346102950276559,"N2O_065"
20.315,1083.45,0,"N2O_065"
23.122,1224.99,0.134747384354681,"N2O_065"
