"hour","N2O_flux","norm_flux","dataset"
0.44,425.81,0.713694083254667,"N2O_055"
2.461,376.86,0.564633515027863,"N2O_055"
5.556,339.27,0.450165961204665,"N2O_055"
8.714,295.57,0.317092481500655,"N2O_055"
11.505,311.13,0.364475166722495,"N2O_055"
14.927,270.93,0.242059746033679,"N2O_055"
17.848,191.44,0,"N2O_055"
20.736,212.56,0.0643137732574074,"N2O_055"
23.322,519.83,1,"N2O_055"
