"hour","N2O_flux","norm_flux","dataset"
2.217,21.241,0.589404631746347,"N2O_032"
6.27,29.503,1,"N2O_032"
10.114,22.994,0.676523208428586,"N2O_032"
14.14,19.938,0.524649637213001,"N2O_032"
18.185,14.905,0.274525395089951,"N2O_032"
22.172,9.381,0,"N2O_032"
