"hour","N2O_flux","norm_flux","dataset"
1.9707,106.729,0.0564826341777286,"N2O_171"
6.0005,102.691,0,"N2O_171"
9.976,134.341,0.442713068777888,"N2O_171"
13.9531,174.182,1,"N2O_171"
17.9206,164.005,0.857646417031515,"N2O_171"
22.0041,121.645,0.265124281378076,"N2O_171"
