"hour","N2O_flux","norm_flux","dataset"
1.4931,-13.56,0.116246577928821,"N2O_198"
4.5157,-19.022,0.0131218729349571,"N2O_198"
7.4942,-19.717,0,"N2O_198"
10.503,-8.377,0.21410365335599,"N2O_198"
13.5174,33.248,1,"N2O_198"
16.5184,26.958,0.881242329840461,"N2O_198"
19.5216,8.577,0.534201831398093,"N2O_198"
22.5245,-7.731,0.226300387048051,"N2O_198"
