"hour","N2O_flux","norm_flux","dataset"
0.111,1375.57,1,"N2O_057"
1.941,1148.69,0.768534671849335,"N2O_057"
5.044,842.52,0.456176863669289,"N2O_057"
8.386,742.3,0.35393138065069,"N2O_057"
11.171,589.22,0.197757577612504,"N2O_057"
14.354,502.21,0.108989073546965,"N2O_057"
17.378,465.87,0.0719146287964578,"N2O_057"
20.322,515.43,0.122476254603699,"N2O_057"
23.267,395.38,0,"N2O_057"
