"hour","N2O_flux","norm_flux","dataset"
0.598,1221.72,1,"N2O_066"
2.366,1143.05,0.879034366110556,"N2O_066"
5.65,938.51,0.564526793265165,"N2O_066"
8.682,770.67,0.306450372876144,"N2O_066"
11.587,700.74,0.198923656492658,"N2O_066"
14.619,632.56,0.0940877988775274,"N2O_066"
17.524,571.37,0,"N2O_066"
20.303,618.58,0.0725916814023219,"N2O_066"
23.713,620.32,0.0752671638348582,"N2O_066"
