"hour","N2O_flux","norm_flux","dataset"
0.436,43.81,0.061933333,"N2O_092"
3.021,77.66,0.2876,"N2O_092"
5.355,103.55,0.4602,"N2O_092"
8.628,184.52,1,"N2O_092"
11.538,150.01,0.769933333,"N2O_092"
14.711,36.51,0.013266667,"N2O_092"
17.805,44.47,0.066333333,"N2O_092"
20.774,34.52,0,"N2O_092"
23.361,54.43,0.132733333,"N2O_092"
