"hour","N2O_flux","norm_flux","dataset"
0.568,260.29,0.381117471579457,"N2O_049"
4.686,252.09,0.31500443441103,"N2O_049"
7.243,217.73,0.0379746835443036,"N2O_049"
10.509,217.22,0.0338627751350479,"N2O_049"
13.207,213.02,0,"N2O_049"
16.331,337.05,1,"N2O_049"
19.314,253.57,0.32693703136338,"N2O_049"
22.58,249.28,0.292348625332581,"N2O_049"
