"hour","N2O_flux","norm_flux","dataset"
2.14,60.779,0,"N2O_022"
6.259,99.219,0.613773172172636,"N2O_022"
10.215,123.408,1,"N2O_022"
14.277,103.479,0.681792779702694,"N2O_022"
18.225,82,0.33883664117262,"N2O_022"
22.251,72.209,0.182503313161634,"N2O_022"
