"hour","N2O_flux","norm_flux","dataset"
1.422,57.983,0.883081290069985,"N2O_111"
6.099,55.745,0.773552586502227,"N2O_111"
11.313,60.372,1,"N2O_111"
16.187,43.313,0.165125042822885,"N2O_111"
21.106,45.282,0.261488768169138,"N2O_111"
23.085,39.939,0,"N2O_111"
