"hour","N2O_flux","norm_flux","dataset"
0.0487,1.269,0.874846122,"N2O_251"
3.8891,-0.863,0,"N2O_251"
6.9402,1.574,1,"N2O_251"
8.9095,1.218,0.853918753,"N2O_251"
11.9125,1.235,0.860894542,"N2O_251"
15.957,-0.558,0.125153878,"N2O_251"
18.0121,0.491,0.555601149,"N2O_251"
20.037,0.22,0.444398851,"N2O_251"
