"hour","N2O_flux","norm_flux","dataset"
0.147,9.928,0,"N2O_001"
4.123,22.01,0.410589275,"N2O_001"
7.951,26.435,0.560966492,"N2O_001"
12.065,35.176,0.85801672,"N2O_001"
16.038,37.12,0.924080745,"N2O_001"
20.245,39.354,1,"N2O_001"
23.868,37.075,0.922551485,"N2O_001"
