"hour","N2O_flux","norm_flux","dataset"
0.163,724.07,0.235828271503712,"N2O_064"
2.87,588.08,0.159976127128618,"N2O_064"
5.878,510.38,0.116636825577439,"N2O_064"
8.973,350.22,0.027303202199874,"N2O_064"
12.004,403.54,0.0570438915011463,"N2O_064"
15.099,301.27,0,"N2O_064"
17.815,530.29,0.127742172989073,"N2O_064"
20.152,1490.95,0.663576580043841,"N2O_064"
22.615,2094.1,1,"N2O_064"
