"hour","N2O_flux","norm_flux","dataset"
0.479,468.51,0.863630895091434,"N2O_039"
1.481,370.28,0.272738209817132,"N2O_039"
4.096,491.18,1,"N2O_039"
7.274,464.74,0.840952839268527,"N2O_039"
10.586,328.72,0.022738209817132,"N2O_039"
13.622,324.94,0,"N2O_039"
16.659,332.49,0.0454162656400386,"N2O_039"
19.41,381.61,0.340892685274302,"N2O_039"
22.446,381.61,0.340892685274302,"N2O_039"
23.456,351.39,0.159107314725698,"N2O_039"
