"hour","N2O_flux","norm_flux","dataset"
1.4908,-0.1,0.629910948140388,"N2O_196"
4.5124,-0.135,0.625327396542693,"N2O_196"
7.4699,-4.91,0,"N2O_196"
10.5017,-0.822,0.535358826610791,"N2O_196"
13.5227,2.726,1,"N2O_196"
16.523,1.12,0.789680460974332,"N2O_196"
19.523,0.568,0.717391304347826,"N2O_196"
22.5229,1.335,0.817836563645888,"N2O_196"
