"hour","N2O_flux","norm_flux","dataset"
1.36,545.41,0.813843195898312,"N2O_053"
4.612,501.55,0.626447340311899,"N2O_053"
7.584,423.51,0.293014313180944,"N2O_053"
10.823,500.7,0.622815637684255,"N2O_053"
13.498,588.98,1,"N2O_053"
16.467,533.64,0.763554795983764,"N2O_053"
19.293,512.28,0.672292245246742,"N2O_053"
22.555,354.93,0,"N2O_053"
