"hour","N2O_flux","norm_flux","dataset"
0.171,73.383,0.274568023,"N2O_165"
3.857,66.725,0,"N2O_165"
9.171,90.974,1,"N2O_165"
14.077,69.739,0.124293785,"N2O_165"
19.179,71.093,0.180131139,"N2O_165"
23.669,81.09,0.592395563,"N2O_165"
