"hour","N2O_flux","norm_flux","dataset"
0.377,322.67,0.483543853406867,"N2O_077"
2.587,298.19,0.37466642946095,"N2O_077"
5.745,287.7,0.328011030065825,"N2O_077"
8.714,295.57,0.363013698630137,"N2O_077"
11.555,438.79,1,"N2O_077"
14.425,270.93,0.253424657534247,"N2O_077"
17.848,251.8,0.168341932040562,"N2O_077"
20.786,213.95,0,"N2O_077"
23.823,245.78,0.141567336772816,"N2O_077"
