"hour","N2O_flux","norm_flux","dataset"
0.342,616.41,1,"N2O_067"
2.748,541.48,0.694922845161028,"N2O_067"
5.755,483.2,0.45763608973576,"N2O_067"
8.663,412.43,0.169496356011563,"N2O_067"
11.771,370.8,0,"N2O_067"
14.678,383.29,0.0508529782989292,"N2O_067"
17.686,412.43,0.169496356011563,"N2O_067"
20.651,457.28,0.352102927405236,"N2O_067"
23.619,435.43,0.263140751598062,"N2O_067"
