"hour","N2O_flux","norm_flux","dataset"
0.219,386.1,0.630605523182164,"N2O_086"
2.881,280.04,0.332038397657855,"N2O_086"
5.889,517.32,1,"N2O_086"
8.896,447.94,0.804689919207274,"N2O_086"
11.904,439.61,0.781240323170903,"N2O_086"
15.012,274.49,0.31641471722546,"N2O_086"
17.92,196.78,0.0976550403963629,"N2O_086"
21.128,181.52,0.0546969569011626,"N2O_086"
23.734,162.09,0,"N2O_086"
