"hour","N2O_flux","norm_flux","dataset"
0.234,465.67,1,"N2O_060"
2.481,425.27,0.80264764789214,"N2O_060"
5.801,359.15,0.47965414488789,"N2O_060"
8.69,317.06,0.274046211714132,"N2O_060"
11.745,340.22,0.38718186703141,"N2O_060"
14.842,389.61,0.62845000244248,"N2O_060"
17.775,361.43,0.490791851888037,"N2O_060"
20.992,260.96,0,"N2O_060"
23.546,377.5,0.569293146402228,"N2O_060"
