"hour","N2O_flux","norm_flux","dataset"
2.259,48.377,0,"N2O_018"
6.249,50.521,0.117145667140203,"N2O_018"
10.408,63.817,0.843623647688777,"N2O_018"
14.312,59.911,0.630204349251448,"N2O_018"
18.726,57.685,0.50857829745383,"N2O_018"
22.546,66.679,1,"N2O_018"
