"hour","N2O_flux","norm_flux","dataset"
2.028,172.914,0.476541280172193,"N2O_172"
6.0453,153.903,0.232972889868293,"N2O_172"
10.0061,147.882,0.155832009429611,"N2O_172"
14.0108,176.103,0.517398657305386,"N2O_172"
18.0191,213.771,1,"N2O_172"
22.0137,135.719,0,"N2O_172"
